제품명,브랜드,제품유형,핵심성분,성분특징,재고상태,추천피부,타입효과
어린쑥 진정수,한율,토너,어린쑥 추출물,피부 진정 및 수분 공급,재고 적정,모든 피부,진정 케어
슈퍼바이탈 크림,아이오페,크림,슈퍼플라보노이드,항노화 및 고영양 공급,재고 부족,건성,안티에이징
레티놀 엑스퍼트,아이오페,에센스,순수 레티놀,집중 주름 개선,재고 충분,지성/복합성,모공 및 주름
어린쑥 진정수,한율,토너,어린쑥 추출물,피부 진정 및 수분 공급,재고 충분,모든 피부,진정 케어
슈퍼바이탈 크림,아이오페,크림,슈퍼플라보노이드,항노화 및 고영양 공급,재고 부족,건성,안티에이징
워터 슬리핑 마스크,라네즈,마스크팩,슬립톡스,밤사이 집중 수분 충전,재고 충분,모든 피부,수분 광채
워터뱅크 블루 히알루로닉,라네즈,크림,블루 히알루론산,초저분자 수분 공급,재고 부족,복합성,깊은 보습
에이시카 스트레스 릴리프,에스트라,앰플,CICA분석물,급속 진정,재고 부족,민감성,트러블 진정
워터 슬리핑 마스크,라네즈,마스크팩,슬립톡스,밤사이 집중 수분 충전,재고 적정,모든 피부,수분 광채
레티놀 엑스퍼트,아이오페,에센스,순수 레티놀,집중 주름 개선,재고 적정,지성/복합성,모공 및 주름
어린쑥 진정수,한율,토너,어린쑥 추출물,피부 진정 및 수분 공급,재고 충분,모든 피부,진정 케어
워터뱅크 블루 히알루로닉,라네즈,크림,블루 히알루론산,초저분자 수분 공급,재고 적정,복합성,깊은 보습
워터 슬리핑 마스크,라네즈,마스크팩,슬립톡스,밤사이 집중 수분 충전,재고 충분,모든 피부,수분 광채
워터뱅크 블루 히알루로닉,라네즈,크림,블루 히알루론산,초저분자 수분 공급,재고 적정,복합성,깊은 보습
워터 슬리핑 마스크,라네즈,마스크팩,슬립톡스,밤사이 집중 수분 충전,재고 적정,모든 피부,수분 광채
슈퍼바이탈 크림,아이오페,크림,슈퍼플라보노이드,항노화 및 고영양 공급,재고 적정,건성,안티에이징
자음생 크림,설화수,크림,인삼 결정체,피부 자생 및 활력,재고 충분,건성/노화,영양 탄력
슈퍼바이탈 크림,아이오페,크림,슈퍼플라보노이드,항노화 및 고영양 공급,재고 부족,건성,안티에이징
자음생 크림,설화수,크림,인삼 결정체,피부 자생 및 활력,재고 부족,건성/노화,영양 탄력
레티놀 엑스퍼트,아이오페,에센스,순수 레티놀,집중 주름 개선,재고 부족,지성/복합성,모공 및 주름
워터뱅크 블루 히알루로닉,라네즈,크림,블루 히알루론산,초저분자 수분 공급,재고 부족,복합성,깊은 보습
어린쑥 진정수,한율,토너,어린쑥 추출물,피부 진정 및 수분 공급,재고 적정,모든 피부,진정 케어
워터 슬리핑 마스크,라네즈,마스크팩,슬립톡스,밤사이 집중 수분 충전,재고 적정,모든 피부,수분 광채
워터 슬리핑 마스크,라네즈,마스크팩,슬립톡스,밤사이 집중 수분 충전,재고 적정,모든 피부,수분 광채
바쿠치올 레티놀 크림,마몽드,크림,바쿠치올,저자극 탄력 케어,재고 충분,민감성,주름 개선
아토바리어 365 크림,에스트라,크림,더마온(세라마이드),피부 장벽 강화,재고 부족,민감성,장벽 보호
레티놀 엑스퍼트,아이오페,에센스,순수 레티놀,집중 주름 개선,재고 충분,지성/복합성,모공 및 주름
슈퍼바이탈 크림,아이오페,크림,슈퍼플라보노이드,항노화 및 고영양 공급,재고 적정,건성,안티에이징
어린쑥 진정수,한율,토너,어린쑥 추출물,피부 진정 및 수분 공급,재고 충분,모든 피부,진정 케어
워터뱅크 블루 히알루로닉,라네즈,크림,블루 히알루론산,초저분자 수분 공급,재고 충분,복합성,깊은 보습
워터뱅크 블루 히알루로닉,라네즈,크림,블루 히알루론산,초저분자 수분 공급,재고 적정,복합성,깊은 보습
에이시카 스트레스 릴리프,에스트라,앰플,CICA분석물,급속 진정,재고 부족,민감성,트러블 진정
바쿠치올 레티놀 크림,마몽드,크림,바쿠치올,저자극 탄력 케어,재고 충분,민감성,주름 개선
아토바리어 365 크림,에스트라,크림,더마온(세라마이드),피부 장벽 강화,재고 적정,민감성,장벽 보호
에이시카 스트레스 릴리프,에스트라,앰플,CICA분석물,급속 진정,재고 적정,민감성,트러블 진정
에이시카 스트레스 릴리프,에스트라,앰플,CICA분석물,급속 진정,재고 적정,민감성,트러블 진정
윤조에센스,설화수,에센스,자음단,피부 자생력 강화 및 윤기 케어,재고 충분,모든 피부,탄력 및 윤기
자음생 크림,설화수,크림,인삼 결정체,피부 자생 및 활력,재고 부족,건성/노화,영양 탄력
슈퍼바이탈 크림,아이오페,크림,슈퍼플라보노이드,항노화 및 고영양 공급,재고 충분,건성,안티에이징
슈퍼바이탈 크림,아이오페,크림,슈퍼플라보노이드,항노화 및 고영양 공급,재고 충분,건성,안티에이징
자음생 크림,설화수,크림,인삼 결정체,피부 자생 및 활력,재고 적정,건성/노화,영양 탄력
어린쑥 진정수,한율,토너,어린쑥 추출물,피부 진정 및 수분 공급,재고 충분,모든 피부,진정 케어
자음생 크림,설화수,크림,인삼 결정체,피부 자생 및 활력,재고 충분,건성/노화,영양 탄력
슈퍼바이탈 크림,아이오페,크림,슈퍼플라보노이드,항노화 및 고영양 공급,재고 충분,건성,안티에이징
슈퍼바이탈 크림,아이오페,크림,슈퍼플라보노이드,항노화 및 고영양 공급,재고 부족,건성,안티에이징
레티놀 엑스퍼트,아이오페,에센스,순수 레티놀,집중 주름 개선,재고 적정,지성/복합성,모공 및 주름
레티놀 엑스퍼트,아이오페,에센스,순수 레티놀,집중 주름 개선,재고 부족,지성/복합성,모공 및 주름
에이시카 스트레스 릴리프,에스트라,앰플,CICA분석물,급속 진정,재고 충분,민감성,트러블 진정
레티놀 엑스퍼트,아이오페,에센스,순수 레티놀,집중 주름 개선,재고 부족,지성/복합성,모공 및 주름
워터 슬리핑 마스크,라네즈,마스크팩,슬립톡스,밤사이 집중 수분 충전,재고 적정,모든 피부,수분 광채
